Country ,year,Population,Food supply (kcal per capita per day),Food supply (Protein g per capita per day),Food supply (Fat g per capita per day)
Algeria,2000,30774624,2898.2915,78.19821,67.50999
Algeria,2001,31200984,2973.7812,79.70269,72.0467
Algeria,2002,31624700,3012.7092,82.30619,67.39199
Algeria,2003,32055882,3057.7512,84.587494,62.781704
Algeria,2004,32510184,3074.3599,85.88035,65.66594
Algeria,2005,32956690,3048.141,86.67314,63.43596
Algeria,2006,33435082,3144.6858,86.41436,70.86122
Algeria,2007,33983836,3140.61,85.9356,69.308235
Algeria,2008,34569590,3149.8723,86.23912,69.466675
Algeria,2009,35196040,3214.8823,89.44816,67.64692
Algeria,2010,35856348,3260.9358,87.56365,84.81443
Algeria,2011,36543548,3360.767,89.055305,94.12154
Algeria,2012,37260570,3377.1504,91.56232,88.391846
Algeria,2013,38000628,3448.602,91.22335,98.06836
Algeria,2014,38760170,3438.4727,91.44489,98.002495
Algeria,2015,39543148,3432.9734,91.66652,94.26863
Algeria,2016,40339330,3461.0664,90.61299,101.560135
Algeria,2017,41136548,3403.7612,89.183975,97.71602
Algeria,2018,41927010,3407.2864,91.109406,87.95694
Algeria,2019,42705372,3496.2341,92.73892,93.1825
Algeria,2020,43451668,3519.0496,90.39325,100.596176
Algeria,2021,43462670.61,3588.146498,94.01826933,103.9260597
Algeria,2022,NA,NA,NA,NA
Angola,2000,15141336.47,1573.404143,34.92441916,32.20153589
Angola,2001,16941584,1556.3896,34.17604,33.43733
Angola,2002,17516140,1627.562,36.52878,34.013073
Angola,2003,18124346,1687.2246,36.824547,36.790516
Angola,2004,18771128,1727.8296,36.5653,36.658924
Angola,2005,19450962,1766.5907,37.951504,38.419304
Angola,2006,20162338,1799.4697,38.96162,38.655907
Angola,2007,20909692,1840.7899,40.577007,39.80613
Angola,2008,21691524,1895.4376,43.329113,40.88066
Angola,2009,22507674,1936.623,43.298622,41.37293
Angola,2010,23364196,2357.1729,46.78358,54.300945
Angola,2011,24259120,2426.1816,49.71176,57.20996
Angola,2012,25188298,2381.384,51.19627,54.246513
Angola,2013,26147012,2459.6138,52.57524,56.664646
Angola,2014,27128340,2499.7112,58.564945,63.00424
Angola,2015,28127724,2426.7883,54.305336,59.182705
Angola,2016,29154742,2382.1694,50.4826,58.08022
Angola,2017,30208634,2409.3542,52.895245,59.962418
Angola,2018,31273538,2404.8193,51.672585,56.894028
Angola,2019,32353592,2375.5654,47.963795,55.587246
Angola,2020,33428490,2349.8035,47.035397,55.05816
Angola,2021,33529570.93,2657.643887,56.21550944,64.82104961
Angola,2022,NA,NA,NA,NA
Benin,2000,6998022,2229.2734,54.872894,42.71864
Benin,2001,7212043,2303.1096,53.672897,48.529453
Benin,2002,7431787,2395.5767,59.21594,53.478928
Benin,2003,7659211,2362.0918,56.780285,51.935993
Benin,2004,7894558,2469.8662,59.082092,48.775093
Benin,2005,8149420,2444.7346,58.010994,50.25009
Benin,2006,8402635,2462.061,58.426216,43.10114
Benin,2007,8647761,2581.564,60.471424,47.110523
Benin,2008,8906472,2539.8308,63.23887,50.28281
Benin,2009,9172514,2584.1514,63.7424,47.491966
Benin,2010,9445716,2602.209,62.269928,47.866234
Benin,2011,9726385,2626.3303,62.253757,48.17857
Benin,2012,10014087,2631.8787,64.03364,48.751446
Benin,2013,10308730,2637.9185,63.541035,49.70118
Benin,2014,10614845,2654.4045,66.69446,48.86275
Benin,2015,10932791,2637.037,65.76148,50.312656
Benin,2016,11260091,2647.4941,64.25629,50.101555
Benin,2017,11596786,2655.7617,61.88426,48.769268
Benin,2018,11940688,2649.862,60.778503,49.303783
Benin,2019,12290443,2687.5696,65.033615,54.442726
Benin,2020,12643121,2730.8823,63.54479,58.08878
Benin,2021,12676124.91,2774.336423,66.30371393,52.11778749
Benin,2022,NA,NA,NA,NA
Botswana,2000,1726992,2113.733,66.237076,49.957268
Botswana,2001,1761940,2179.746,68.853264,49.01899
Botswana,2002,1795137,2127.3022,66.89262,47.846664
Botswana,2003,1826866,2120.0947,61.425556,48.592613
Botswana,2004,1859087,2186.1833,62.362602,56.295963
Botswana,2005,1892819,2178.4692,59.100147,60.78504
Botswana,2006,1928714,2113.5327,56.269123,52.92679
Botswana,2007,1966980,2108.7607,55.83445,54.247528
Botswana,2008,2007322,2104.2244,57.69275,53.366753
Botswana,2009,2048997,2094.902,61.151325,55.244827
Botswana,2010,2091666,2297.9543,68.92913,67.3142
Botswana,2011,2134043,2317.109,72.56309,69.56992
Botswana,2012,2175429,2333.1123,71.475006,70.631035
Botswana,2013,2217285,2339.999,67.68785,68.32053
Botswana,2014,2260383,2361.279,67.13241,64.63713
Botswana,2015,2305177,2369.265,68.39125,63.385887
Botswana,2016,2352419,2339.5833,66.340225,63.88862
Botswana,2017,2401848,2352.0264,64.58433,60.554123
Botswana,2018,2451411,2328.099,65.24562,61.043644
Botswana,2019,2499705,2360.1887,64.953575,63.377655
Botswana,2020,2546404,2396.5088,67.07454,64.451775
Botswana,2021,2559025.486,2414.20396,67.20728855,68.73538355
Botswana,2022,NA,NA,NA,NA
Burkina Faso,2000,11882896,2264.376,67.36469,50.494213
Burkina Faso,2001,12249767,2274.1716,67.2792,49.501263
Burkina Faso,2002,12632278,2346.8179,68.99313,55.68704
Burkina Faso,2003,13030600,2420.9343,73.69666,57.58948
Burkina Faso,2004,13445981,2428.2476,72.67294,57.405518
Burkina Faso,2005,13876134,2382.3916,70.73662,53.016197
Burkina Faso,2006,14316247,2470.6543,72.661766,54.105305
Burkina Faso,2007,14757072,2455.9282,73.668205,52.57191
Burkina Faso,2008,15197917,2496.4,75.547935,57.596615
Burkina Faso,2009,15650018,2545.4094,76.90243,56.34817
Burkina Faso,2010,16116851,2613.2832,79.018166,59.207954
Burkina Faso,2011,16602652,2595.9563,76.86162,58.777103
Burkina Faso,2012,17113736,2649.232,79.089645,61.515244
Burkina Faso,2013,17636414,2667.9565,78.42205,61.858646
Burkina Faso,2014,18169844,2655.8281,78.077866,61.740265
Burkina Faso,2015,18718022,2663.7207,77.5701,62.292168
Burkina Faso,2016,19275504,2656.3206,77.338974,61.039265
Burkina Faso,2017,19835860,2629.9124,75.76238,61.70328
Burkina Faso,2018,20392730,2662.493,78.32514,62.189404
Burkina Faso,2019,20951638,2663.3962,92.13255,65.08153
Burkina Faso,2020,21522632,2664.064,90.40141,65.19818
Burkina Faso,2021,21672007.75,2762.207663,85.57200775,65.54269516
Burkina Faso,2022,NA,NA,NA,NA
Burundi,2000,NA,NA,NA,NA
Burundi,2001,NA,NA,NA,NA
Burundi,2002,NA,NA,NA,NA
Burundi,2003,NA,NA,NA,NA
Burundi,2004,NA,NA,NA,NA
Burundi,2005,NA,NA,NA,NA
Burundi,2006,NA,NA,NA,NA
Burundi,2007,NA,NA,NA,NA
Burundi,2008,NA,NA,NA,NA
Burundi,2009,NA,NA,NA,NA
Burundi,2010,NA,NA,NA,NA
Burundi,2011,NA,NA,NA,NA
Burundi,2012,NA,NA,NA,NA
Burundi,2013,NA,NA,NA,NA
Burundi,2014,10494920,1534.5781,32.670757,14.004433
Burundi,2015,10727153,1639.4856,35.451153,13.913369
Burundi,2016,10903329,1695.8439,39.322803,15.361671
Burundi,2017,11155592,1688.7507,41.49086,14.538784
Burundi,2018,11493476,1726.8455,39.61244,14.516782
Burundi,2019,11874838,1725.4838,41.19022,16.109047
Burundi,2020,12220229,1696.983,39.99197,15.121053
Burundi,2021,12418711.57,1771.169043,43.351659,15.78020943
Burundi,2022,NA,NA,NA,NA
Cabo Verde,2000,458258,2274.3433,61.594387,65.635735
Cabo Verde,2001,465970,2289.9885,60.20173,64.6733
Cabo Verde,2002,473237,2254.084,59.901993,63.849552
Cabo Verde,2003,480095,2348.156,62.157074,63.41189
Cabo Verde,2004,486591,2457.715,66.1138,67.13663
Cabo Verde,2005,492841,2446.3123,66.33326,65.701515
Cabo Verde,2006,498895,2427.8977,65.474976,67.84201
Cabo Verde,2007,504742,2468.2234,67.63162,68.849434
Cabo Verde,2008,510342,2413.8716,67.23678,67.62642
Cabo Verde,2009,515643,2410.947,66.777016,67.32367
Cabo Verde,2010,521219,2426.13,67.61005,64.74409
Cabo Verde,2011,527528,2442.369,66.75367,63.622673
Cabo Verde,2012,533877,2453.6926,66.59212,63.338184
Cabo Verde,2013,539949,2428.4368,66.74645,62.706955
Cabo Verde,2014,546083,2400.84,65.62233,61.571926
Cabo Verde,2015,552169,2387.4485,66.1849,61.91583
Cabo Verde,2016,558399,2398.253,66.92666,61.14499
Cabo Verde,2017,564959,2404.794,67.115616,62.325035
Cabo Verde,2018,571209,2460.9136,67.72274,63.408527
Cabo Verde,2019,577037,2481.674,68.6749,60.88869
Cabo Verde,2020,582646,2493.4556,67.47502,68.61058
Cabo Verde,2021,589158,2482.356153,69.08458386,62.78541983
Cabo Verde,2022,NA,NA,NA,NA
Cameroon,2000,15091598,2233.2722,58.048195,48.338314
Cameroon,2001,15493256,2281.554,60.088657,44.660206
Cameroon,2002,15914029,2324.209,59.180855,50.153984
Cameroon,2003,16354324,2351.608,60.29089,52.076588
Cameroon,2004,16809406,2361.657,61.470375,52.154133
Cameroon,2005,17275174,2426.4253,64.193695,53.51575
Cameroon,2006,17751338,2468.132,65.593185,54.238094
Cameroon,2007,18251868,2488.241,66.412384,53.584026
Cameroon,2008,18777082,2552.5461,68.384445,55.819992
Cameroon,2009,19319276,2593.222,70.14811,55.89163
Cameroon,2010,19878044,2756.7427,73.6257,60.916443
Cameroon,2011,20448880,2776.714,75.0817,59.511242
Cameroon,2012,21032684,2805.0537,74.54947,60.12581
Cameroon,2013,21632852,2817.6865,74.9172,59.78272
Cameroon,2014,22299590,2768.679,73.94671,58.302967
Cameroon,2015,23012650,2770.938,74.40125,57.37269
Cameroon,2016,23711626,2767.9148,74.571236,57.98191
Cameroon,2017,24393182,2740.2773,72.18783,56.074474
Cameroon,2018,25076752,2767.2815,72.590866,55.064075
Cameroon,2019,25782342,2823.2603,72.894905,55.712467
Cameroon,2020,26491090,2799.7766,72.22903,54.592636
Cameroon,2021,26517687.08,2944.220635,78.13543818,59.76454552
Cameroon,2022,NA,NA,NA,NA
Central African Republic,2000,3759174,1919.0796,44.83659,58.075623
Central African Republic,2001,3844780,1915.2076,45.32722,60.962948
Central African Republic,2002,3930654,1912.8959,46.049423,62.351204
Central African Republic,2003,4026853,1869.892,44.41707,61.69883
Central African Republic,2004,4115146,1882.112,45.05146,63.768494
Central African Republic,2005,4208845,1906.6956,45.229908,61.57704
Central African Republic,2006,4294352,1905.0437,46.410206,61.83646
Central African Republic,2007,4375582,1961.7115,47.390823,66.69819
Central African Republic,2008,4467237,1998.2385,48.021427,68.80011
Central African Republic,2009,4564544,1999.0988,48.739132,66.72073
Central African Republic,2010,4660066,1995.7743,48.745846,63.262276
Central African Republic,2011,4732037,2025.5148,49.60597,63.856476
Central African Republic,2012,4773306,1990.6354,48.994537,61.49409
Central African Republic,2013,4802437,1815.345,45.837463,60.59177
Central African Republic,2014,4798739,1718.1614,43.84242,52.98672
Central African Republic,2015,4819341,1680.9102,44.022507,49.11278
Central African Republic,2016,4904182,1738.7002,46.340664,52.70695
Central African Republic,2017,4996741,1751.2983,47.323685,55.0592
Central African Republic,2018,5094795,1754.743,47.229694,55.518017
Central African Republic,2019,5209329,1699.7438,46.42869,53.460857
Central African Republic,2020,5343024,1641.554,44.32015,51.172012
Central African Republic,2021,5359382.452,1718.569895,46.7333377,53.35409062
Central African Republic,2022,NA,NA,NA,NA
Chad,2000,8259144,1956.8671,63.560493,61.278988
Chad,2001,8538806,2037.4252,65.43385,63.13191
Chad,2002,8838371,1995.0825,63.218166,63.583122
Chad,2003,9196374,2049.2278,64.4636,60.363117
Chad,2004,9613509,2036.8514,63.09615,59.95944
Chad,2005,10005013,2035.827,62.94649,58.172207
Chad,2006,10365620,2020.3185,62.5979,55.513798
Chad,2007,10722738,2022.5648,60.726807,49.875965
Chad,2008,11098672,2014.6407,61.055443,51.424526
Chad,2009,11496138,1999.001,60.58328,48.417168
Chad,2010,11894734,2300.0203,76.27547,64.19759
Chad,2011,12317729,2294.0305,75.30361,64.51585
Chad,2012,12754912,2348.527,77.54249,64.912766
Chad,2013,13216769,2337.5713,77.57896,66.23619
Chad,2014,13697128,2283.4639,77.65173,65.102165
Chad,2015,14140277,2249.3333,76.82062,65.55399
Chad,2016,14592587,2297.1748,77.53713,65.07332
Chad,2017,15085893,2298.4556,78.50983,65.987274
Chad,2018,15604213,2273.4614,77.95433,65.605034
Chad,2019,16126868,2250.5981,77.39645,66.272
Chad,2020,16644707,2217.456,76.94484,64.964455
Chad,2021,16719455.44,2359.222952,81.37420936,65.98901369
Chad,2022,NA,NA,NA,NA
Comoros,2000,NA,NA,NA,NA
Comoros,2001,NA,NA,NA,NA
Comoros,2002,NA,NA,NA,NA
Comoros,2003,NA,NA,NA,NA
Comoros,2004,NA,NA,NA,NA
Comoros,2005,NA,NA,NA,NA
Comoros,2006,NA,NA,NA,NA
Comoros,2007,NA,NA,NA,NA
Comoros,2008,NA,NA,NA,NA
Comoros,2009,NA,NA,NA,NA
Comoros,2010,656032,2389.6396,56.36478,62.791145
Comoros,2011,670081,2375.0217,56.131126,63.31633
Comoros,2012,684564,2381.732,56.190685,63.942947
Comoros,2013,699397,2428.432,57.597015,64.94915
Comoros,2014,714617,2443.9092,58.203484,67.581894
Comoros,2015,730221,2446.2773,57.948784,65.56747
Comoros,2016,746239,2487.5034,59.734215,67.03032
Comoros,2017,761672,2491.143,60.061024,66.986206
Comoros,2018,776322,2479.9607,57.476357,64.54971
Comoros,2019,790993,2493.5278,58.573162,62.52107
Comoros,2020,806168,2505.7812,61.61439,65.44372
Comoros,2021,821433,2530.362611,60.69947249,65.81225084
Comoros,2022,NA,NA,NA,NA
"Congo, Dem. Rep.",2000,3134034,2171.4194,43.039387,53.253136
"Congo, Dem. Rep.",2001,3254105,2199.0046,43.802753,55.556393
"Congo, Dem. Rep.",2002,3331170,2227.0122,44.165623,56.902676
"Congo, Dem. Rep.",2003,3424664,2195.739,46.232285,54.0686
"Congo, Dem. Rep.",2004,3543018,2202.9487,47.524506,51.953766
"Congo, Dem. Rep.",2005,3672845,1970.7744,38.692005,44.132614
"Congo, Dem. Rep.",2006,3813325,2049.5293,42.54949,49.406757
"Congo, Dem. Rep.",2007,3956337,2028.5089,41.90985,46.85998
"Congo, Dem. Rep.",2008,4089607,1999.7911,41.862926,42.564274
"Congo, Dem. Rep.",2009,4257234,2010.0586,44.24569,42.171818
"Congo, Dem. Rep.",2010,4437883,1959.8511,41.46987,40.49717
"Congo, Dem. Rep.",2011,4584223,1924.1571,42.864506,41.033344
"Congo, Dem. Rep.",2012,4713260,1976.9034,42.954113,39.566772
"Congo, Dem. Rep.",2013,4828073,2056.7634,46.44953,40.417126
"Congo, Dem. Rep.",2014,4944865,2111.3516,47.658684,38.855
"Congo, Dem. Rep.",2015,5064390,2111.3918,49.06445,41.873062
"Congo, Dem. Rep.",2016,5186830,2098.2922,47.698933,49.25465
"Congo, Dem. Rep.",2017,5312347,2110.8438,51.19325,46.806084
"Congo, Dem. Rep.",2018,5441061,2103.9375,51.91897,43.861744
"Congo, Dem. Rep.",2019,5570736,2115.217,50.388527,51.962868
"Congo, Dem. Rep.",2020,5702183,2148.3281,50.698605,55.024292
"Congo, Dem. Rep.",2021,5852871.019,2051.681939,50.11899971,43.15405233
"Congo, Dem. Rep.",2022,NA,NA,NA,NA
"Congo, Rep.",2000,NA,NA,NA,NA
"Congo, Rep.",2001,NA,NA,NA,NA
"Congo, Rep.",2002,NA,NA,NA,NA
"Congo, Rep.",2003,NA,NA,NA,NA
"Congo, Rep.",2004,NA,NA,NA,NA
"Congo, Rep.",2005,NA,NA,NA,NA
"Congo, Rep.",2006,NA,NA,NA,NA
"Congo, Rep.",2007,NA,NA,NA,NA
"Congo, Rep.",2008,NA,NA,NA,NA
"Congo, Rep.",2009,NA,NA,NA,NA
"Congo, Rep.",2010,66391260,2107.3538,31.070581,24.127108
"Congo, Rep.",2011,68654270,2128.4475,31.455128,24.580702
"Congo, Rep.",2012,70997870,2086.239,30.438091,24.517683
"Congo, Rep.",2013,73460030,2064.2173,29.996721,24.60547
"Congo, Rep.",2014,76035590,2119.8215,31.074545,26.029661
"Congo, Rep.",2015,78656904,2083.0913,30.049246,26.230083
"Congo, Rep.",2016,81430980,2037.6757,29.336336,24.392118
"Congo, Rep.",2017,84283270,2076.4182,29.939054,24.752836
"Congo, Rep.",2018,87087350,2057.1196,29.403973,24.3746
"Congo, Rep.",2019,89906900,2046.5172,29.211138,23.805243
"Congo, Rep.",2020,92853170,1995.6511,28.126238,21.856672
"Congo, Rep.",2021,95030529.27,2016.704551,28.44626435,23.59423004
"Congo, Rep.",2022,NA,NA,NA,NA
Cote d'Ivoire,2000,16799664,2508.0366,48.93168,50.9673
Cote d'Ivoire,2001,17245470,2499.352,49.33959,52.157906
Cote d'Ivoire,2002,17683904,2513.8992,49.155876,51.899853
Cote d'Ivoire,2003,18116450,2508.9949,49.657192,52.94278
Cote d'Ivoire,2004,18544900,2531.1687,50.022476,51.261253
Cote d'Ivoire,2005,18970216,2555.431,50.842716,52.071377
Cote d'Ivoire,2006,19394062,2534.4534,50.58889,49.35035
Cote d'Ivoire,2007,19817700,2528.7297,49.822857,49.51492
Cote d'Ivoire,2008,20244452,2470.511,50.76318,44.413277
Cote d'Ivoire,2009,20677762,2453.115,51.446148,47.371117
Cote d'Ivoire,2010,21120040,2671.6182,55.571217,48.386623
Cote d'Ivoire,2011,21562916,2726.7688,56.52486,47.406376
Cote d'Ivoire,2012,22010708,2714.58,55.613163,50.013668
Cote d'Ivoire,2013,22469272,2733.8103,55.885334,51.05865
Cote d'Ivoire,2014,22995554,2677.905,57.03475,47.27453
Cote d'Ivoire,2015,23596738,2755.0237,58.65376,47.78721
Cote d'Ivoire,2016,24213620,2774.507,58.756584,46.55662
Cote d'Ivoire,2017,24848024,2813.6748,60.384354,46.71428
Cote d'Ivoire,2018,25493990,2833.9565,60.455116,46.413166
Cote d'Ivoire,2019,26147544,2886.6206,61.391094,50.769115
Cote d'Ivoire,2020,26811792,2928.8645,62.158436,50.893574
Cote d'Ivoire,2021,26709250.36,2888.559291,62.3774592,47.25617752
Cote d'Ivoire,2022,NA,NA,NA,NA
Djibouti,2000,742046,1941.846,47.196697,47.11875
Djibouti,2001,765496,1900.4514,46.61955,44.749783
Djibouti,2002,789140,1936.508,46.91365,45.28261
Djibouti,2003,806412,1960.4991,47.68301,49.012478
Djibouti,2004,818380,1999.2864,47.239693,51.98519
Djibouti,2005,830863,2118.165,51.92076,59.458252
Djibouti,2006,846957,2152.9216,55.814075,60.447414
Djibouti,2007,865202,2229.2898,57.911667,62.880005
Djibouti,2008,882893,2244.972,56.853664,63.642708
Djibouti,2009,901106,2249.5156,56.593655,57.852505
Djibouti,2010,919206,2249.8547,57.671947,49.666775
Djibouti,2011,936819,2288.1047,56.90179,52.47144
Djibouti,2012,954311,2321.1887,58.83013,52.417755
Djibouti,2013,971761,2362.5151,59.526295,53.992554
Djibouti,2014,989091,2445.891,61.170006,58.634132
Djibouti,2015,1006266,2510.5647,64.56258,59.29438
Djibouti,2016,1023269,2493.024,63.133606,56.224678
Djibouti,2017,1040242,2504.648,63.115314,57.14409
Djibouti,2018,1057204,2532.6504,62.173298,58.75349
Djibouti,2019,1073999,2532.7087,61.867348,52.84786
Djibouti,2020,1090162,2541.2297,62.533825,57.023598
Djibouti,2021,1108307.667,2647.64928,66.62735086,59.08322052
Djibouti,2022,NA,NA,NA,NA
"Egypt, Arab Rep.",2000,71371370,3120.9912,87.745445,53.125427
"Egypt, Arab Rep.",2001,72854260,3144.613,87.44773,51.97974
"Egypt, Arab Rep.",2002,74393760,3152.8518,87.8465,53.40751
"Egypt, Arab Rep.",2003,75963330,3088.4736,87.61796,54.01858
"Egypt, Arab Rep.",2004,77522424,3013.1362,85.07625,50.51943
"Egypt, Arab Rep.",2005,79075310,3056.283,87.00467,51.98495
"Egypt, Arab Rep.",2006,80629660,3067.934,89.10497,52.115955
"Egypt, Arab Rep.",2007,82218760,3110.2676,90.55438,55.533398
"Egypt, Arab Rep.",2008,83844780,3142.3193,90.14585,55.580334
"Egypt, Arab Rep.",2009,85501064,3089.8186,89.21952,53.42755
"Egypt, Arab Rep.",2010,87252420,3307.5027,95.89576,59.861343
"Egypt, Arab Rep.",2011,89200056,3271.2324,93.521996,58.108913
"Egypt, Arab Rep.",2012,91240380,3272.5422,94.57694,57.844906
"Egypt, Arab Rep.",2013,93377896,3229.3452,93.62355,56.208214
"Egypt, Arab Rep.",2014,95592330,3204.8586,93.80927,54.599895
"Egypt, Arab Rep.",2015,97723790,3204.9194,93.385376,54.969856
"Egypt, Arab Rep.",2016,99784030,3157.5713,91.31969,54.386703
"Egypt, Arab Rep.",2017,101789384,3168.3599,93.24112,54.77359
"Egypt, Arab Rep.",2018,103740770,3132.7708,92.81616,56.19443
"Egypt, Arab Rep.",2019,105618670,3153.6812,91.61643,57.38027
"Egypt, Arab Rep.",2020,107465130,3167.206,88.80747,59.535095
"Egypt, Arab Rep.",2021,108531494.9,3210.778495,94.08192775,57.87763419
Eswatini,2000,1030504,2427.418,63.437073,47.34033
Eswatini,2001,1041400,2388.6594,62.15263,43.94349
Eswatini,2002,1050818,2458.8616,67.07297,49.15664
Eswatini,2003,1058808,2503.162,68.80613,50.063244
Eswatini,2004,1065776,2536.701,75.88527,61.717144
Eswatini,2005,1071895,2445.258,70.25478,57.729534
Eswatini,2006,1077747,2411.837,63.496143,50.238823
Eswatini,2007,1084015,2418.6475,62.49743,51.58734
Eswatini,2008,1089885,2389.7732,59.5908,47.075462
Eswatini,2009,1094890,2411.4988,60.839684,47.243504
Eswatini,2010,1099926,2158.2224,51.452644,45.15904
Eswatini,2011,1105379,2221.8188,51.96205,45.13464
Eswatini,2012,1111453,2296.9158,55.190052,46.579044
Eswatini,2013,1118329,2388.1694,58.53299,46.344288
Eswatini,2014,1125872,2423.668,58.714622,57.926834
Eswatini,2015,1133941,2408.6755,57.198742,55.553368
Eswatini,2016,1142529,2410.2742,59.096565,50.857563
Eswatini,2017,1151397,2429.983,58.214066,50.92509
Eswatini,2018,1160430,2496.316,59.10885,54.135796
Eswatini,2019,1169620,2494.313,59.53565,53.15508
Eswatini,2020,1180663,2536.1792,60.756283,56.157555
Eswatini,2021,1178828.486,2418.848631,55.37698569,53.0414995
Eswatini,2022,NA,NA,NA,NA
Ethiopia,2000,67031870,1759.1462,50.075584,16.872437
Ethiopia,2001,69018936,1800.8588,51.78084,17.526125
Ethiopia,2002,71073224,1814.806,52.544735,19.329062
Ethiopia,2003,73168850,1853.6462,53.44483,19.972939
Ethiopia,2004,75301020,1851.133,53.212696,20.173613
Ethiopia,2005,77469944,1944.7325,55.844696,21.620157
Ethiopia,2006,79691060,1932.4426,55.48773,21.043682
Ethiopia,2007,81996184,1919.8824,55.604977,22.132114
Ethiopia,2008,84357100,1976.4688,57.66823,25.670586
Ethiopia,2009,86755580,2006.644,59.016064,23.244606
Ethiopia,2010,89237800,2172.3943,69.227875,26.487103
Ethiopia,2011,91817940,2187.2842,68.8484,26.732382
Ethiopia,2012,94451280,2237.395,71.078285,26.880156
Ethiopia,2013,97084376,2296.117,72.59738,27.559298
Ethiopia,2014,99746770,2334.6636,68.5746,27.850748
Ethiopia,2015,102471896,2404.9592,71.35172,32.472855
Ethiopia,2016,105293230,2419.5266,71.85767,27.963785
Ethiopia,2017,108197944,2443.7063,72.288475,28.508268
Ethiopia,2018,111129440,2409.9578,70.21508,29.957386
Ethiopia,2019,114120590,2368.844,71.733154,27.705261
Ethiopia,2020,117190920,2361.2527,72.71128,28.723507
Ethiopia,2021,117869711.1,2535.652568,77.51132138,31.90578533
Ethiopia,2022,NA,NA,NA,NA
Gabon,2000,1272941,2615.8447,75.75934,54.85954
Gabon,2001,1306593,2588.5835,74.54544,54.585976
Gabon,2002,1341696,2532.2727,69.5513,52.857838
Gabon,2003,1378406,2540.526,70.52561,53.11141
Gabon,2004,1417115,2543.5989,74.14077,52.107655
Gabon,2005,1458362,2567.2534,76.33679,53.794125
Gabon,2006,1502540,2554.147,76.99117,55.549873
Gabon,2007,1549774,2531.2188,75.170944,54.181713
Gabon,2008,1599988,2459.0178,72.4729,47.641735
Gabon,2009,1653549,2479.3828,72.73714,46.767464
Gabon,2010,1711117,2588.162,74.41797,50.064373
Gabon,2011,1772508,2629.4436,77.13415,52.170597
Gabon,2012,1836711,2654.4731,80.02483,52.317703
Gabon,2013,1902230,2641.1133,80.02621,52.784058
Gabon,2014,1966858,2637.982,81.88855,53.535515
Gabon,2015,2028524,2639.876,82.97988,54.228374
Gabon,2016,2086210,2590.117,79.24353,51.10933
Gabon,2017,2140225,2547.2087,77.8539,52.130943
Gabon,2018,2192013,2566.5654,79.22035,52.839348
Gabon,2019,2242788,2536.0464,75.76173,52.958614
Gabon,2020,2292583,2534.8618,77.74483,52.901043
Gabon,2021,2332937.7,2583.033197,80.36235121,51.89191867
Gabon,2022,NA,NA,NA,NA
"Gambia, The",2000,1437540,2214.276,50.526524,64.47048
"Gambia, The",2001,1479456,2158.9739,49.67096,70.233025
"Gambia, The",2002,1522230,2107.8845,50.383163,64.816376
"Gambia, The",2003,1566263,2114.4565,51.565178,68.47221
"Gambia, The",2004,1612237,2128.2727,49.861156,71.3511
"Gambia, The",2005,1660377,2113.4683,49.513313,67.99101
"Gambia, The",2006,1711297,2075.8254,49.92547,63.192738
"Gambia, The",2007,1764889,2196.1807,52.75165,62.16014
"Gambia, The",2008,1820544,2244.0776,54.52008,59.963417
"Gambia, The",2009,1878124,2271.9417,54.08972,60.58222
"Gambia, The",2010,1937284,2464.6665,59.150146,66.45252
"Gambia, The",2011,1998215,2479.457,56.1369,72.75601
"Gambia, The",2012,2061020,2442.9238,54.099255,71.33745
"Gambia, The",2013,2124876,2404.0762,53.248302,70.46781
"Gambia, The",2014,2189023,2401.221,59.91495,60.20158
"Gambia, The",2015,2253137,2370.1,60.594936,57.984127
"Gambia, The",2016,2317212,2363.962,60.420605,57.554916
"Gambia, The",2017,2381189,2357.9414,60.24094,57.38649
"Gambia, The",2018,2444916,2322.9756,58.218933,55.79431
"Gambia, The",2019,2508882,2365.5999,58.793766,54.058823
"Gambia, The",2020,2574005,2367.8438,58.125774,50.258
"Gambia, The",2021,2599667.6,2456.218395,61.17292666,55.75069575
"Gambia, The",2022,NA,NA,NA,NA
Ghana,2000,19665506,2402.7224,49.308456,37.859627
Ghana,2001,20195584,2449.4094,50.526234,36.339912
Ghana,2002,20758324,2530.6392,52.214092,42.615772
Ghana,2003,21329520,2540.4246,52.483707,40.00526
Ghana,2004,21906448,2550.9453,55.356087,39.833553
Ghana,2005,22496952,2614.9045,55.75802,42.270016
Ghana,2006,23098590,2683.3306,58.12299,45.599518
Ghana,2007,23708328,2663.215,56.580257,41.43518
Ghana,2008,24326092,2802.526,60.354053,47.481438
Ghana,2009,24950768,2879.0354,61.037067,45.61638
Ghana,2010,25574722,2947.4714,60.37375,47.409523
Ghana,2011,26205940,2917.0208,62.729023,43.130444
Ghana,2012,26858760,2903.6338,62.263588,43.76744
Ghana,2013,27525586,2886.4595,60.94818,41.25723
Ghana,2014,28196356,2879.1653,59.427437,39.68266
Ghana,2015,28870946,2818.5698,58.29096,38.844563
Ghana,2016,29554298,2796.7087,56.416035,38.037937
Ghana,2017,30222266,2890.6833,58.74832,38.359367
Ghana,2018,30870648,2961.2095,60.323437,39.572792
Ghana,2019,31522294,3038.6697,61.014633,40.017033
Ghana,2020,32180402,3088.909,63.02378,42.31197
Ghana,2021,32660266.86,3091.427708,63.34476009,41.20802338
Ghana,2022,NA,NA,NA,NA
Guinea,2000,8336973,2474.7368,53.7854,55.747143
Guinea,2001,8445722,2453.9465,54.007885,53.133736
Guinea,2002,8577787,2485.6553,54.20564,54.838387
Guinea,2003,8772259,2518.3936,54.932457,58.468704
Guinea,2004,8961046,2539.4224,54.828915,60.795406
Guinea,2005,9140112,2559.5056,53.99792,59.927845
Guinea,2006,9330632,2628.6426,55.124832,61.604546
Guinea,2007,9547087,2636.169,55.038578,60.784477
Guinea,2008,9779793,2672.6753,56.480564,60.214294
Guinea,2009,10021319,2691.2402,58.190407,60.251648
Guinea,2010,10270728,2490.7603,53.36776,62.94379
Guinea,2011,10527711,2556.5728,54.170048,68.40292
Guinea,2012,10788696,2600.6265,55.31021,67.27664
Guinea,2013,11055433,2650.4768,57.0493,69.247406
Guinea,2014,11333362,2690.992,56.29929,66.531944
Guinea,2015,11626003,2666.7449,54.809868,67.72077
Guinea,2016,11930991,2688.792,56.087826,64.460175
Guinea,2017,12240791,2715.1245,55.60386,67.70065
Guinea,2018,12554871,2774.5154,56.973476,65.51653
Guinea,2019,12877537,2824.4937,57.67005,70.71152
Guinea,2020,13205157,2854.274,57.294327,68.51252
Guinea,2021,13157912.65,2802.525686,57.07098254,71.1457192
Guinea,2022,NA,NA,NA,NA
Guinea-Bissau,2000,1230855,2327.041,45.67206,55.66282
Guinea-Bissau,2001,1257390,2355.7131,46.213394,53.358192
Guinea-Bissau,2002,1285682,2352.084,45.550922,55.675648
Guinea-Bissau,2003,1315670,2303.729,43.943604,54.78468
Guinea-Bissau,2004,1347012,2330.7046,44.40421,56.444977
Guinea-Bissau,2005,1379714,2342.6638,44.81259,57.809067
Guinea-Bissau,2006,1414094,2314.9868,44.573517,57.96201
Guinea-Bissau,2007,1450574,2345.8384,44.614918,61.771355
Guinea-Bissau,2008,1488437,2348.2136,45.12973,60.509304
Guinea-Bissau,2009,1527207,2313.49,44.22848,61.02617
Guinea-Bissau,2010,1567226,2242.8699,42.369637,61.163876
Guinea-Bissau,2011,1609025,2215.7537,42.216858,61.265926
Guinea-Bissau,2012,1652720,2181.15,42.467358,60.724533
Guinea-Bissau,2013,1697757,2143.289,43.1667,61.15363
Guinea-Bissau,2014,1743318,2107.0923,41.045113,61.28135
Guinea-Bissau,2015,1788931,2116.7166,40.936134,61.42362
Guinea-Bissau,2016,1834554,2137.9485,42.059597,59.59252
Guinea-Bissau,2017,1879835,2171.4268,42.670044,60.377914
Guinea-Bissau,2018,1924954,2176.8125,42.27066,59.842876
Guinea-Bissau,2019,1970460,2178.809,43.020515,56.824512
Guinea-Bissau,2020,2015839,2187.8176,43.541573,54.866287
Guinea-Bissau,2021,2029168.767,2112.054477,41.50356651,60.80731415
Guinea-Bissau,2022,NA,NA,NA,NA
Kenya,2000,30851604,2077.784,58.490276,47.396595
Kenya,2001,31800344,2087.1572,56.977573,47.49141
Kenya,2002,32779824,2036.6498,58.24033,46.08889
Kenya,2003,33767120,2012.1829,56.248745,46.609543
Kenya,2004,34791836,2024.5085,56.469975,47.50887
Kenya,2005,35843016,2157.5625,60.91295,48.69242
Kenya,2006,36925260,2151.1528,60.483128,48.388496
Kenya,2007,38036796,2094.2017,58.8957,48.275814
Kenya,2008,39186896,2083.756,57.25877,47.8789
Kenya,2009,40364450,2136.066,59.15867,51.640507
Kenya,2010,41517896,2180.6204,60.539043,52.16684
Kenya,2011,42635148,2191.5532,64.51106,43.71966
Kenya,2012,43725810,2218.8838,64.14278,42.988335
Kenya,2013,44792370,2236.7542,62.78359,53.119102
Kenya,2014,45831860,2239.6343,64.10163,43.65147
Kenya,2015,46851496,2250.2454,65.473755,43.523136
Kenya,2016,47894668,2184.542,64.05122,42.164833
Kenya,2017,48948140,2202.831,62.4221,47.473217
Kenya,2018,49953300,2236.6567,62.953552,48.03565
Kenya,2019,50951452,2302.0447,63.097286,47.86726
Kenya,2020,51985780,2268.3215,60.59201,51.60354
Kenya,2021,53233922.95,2293.551308,64.71301063,47.25699046
Kenya,2022,NA,NA,NA,NA
Liberia,2000,2895229,2119.6333,39.406002,50.5136
Liberia,2001,2981655,2049.8555,34.811337,50.4015
Liberia,2002,3060603,2073.0183,34.04526,51.815422
Liberia,2003,3085173,2076.812,34.06336,55.347897
Liberia,2004,3122448,2133.909,35.690956,58.45809
Liberia,2005,3266326,2162.4297,36.210682,58.685936
Liberia,2006,3455400,2072.889,33.405247,57.337513
Liberia,2007,3632748,2079.6074,34.262623,54.573944
Liberia,2008,3783892,2161.7349,35.993324,55.611042
Liberia,2009,3905066,2182.9724,36.144775,55.91971
Liberia,2010,4019958,2111.0347,35.416214,55.152115
Liberia,2011,4181148,2093.4546,36.83481,53.503662
Liberia,2012,4331749,2096.7642,35.93907,60.45861
Liberia,2013,4427319,2072.514,36.61441,55.56448
Liberia,2014,4519410,2118.542,39.389835,57.526714
Liberia,2015,4612330,2100.0996,39.025394,57.51519
Liberia,2016,4706106,2141.3965,40.927284,55.226
Liberia,2017,4796632,2171.3005,42.092842,53.46399
Liberia,2018,4889396,2128.901,40.587105,50.20658
Liberia,2019,4985290,2117.449,41.210033,44.24062
Liberia,2020,5087591,2098.589,40.679424,44.7255
Liberia,2021,5285171.033,2129.398315,40.92995728,51.91239917
Liberia,2022,NA,NA,NA,NA
Libya,2000,NA,NA,NA,NA
Libya,2001,NA,NA,NA,NA
Libya,2002,NA,NA,NA,NA
Libya,2003,NA,NA,NA,NA
Libya,2004,NA,NA,NA,NA
Libya,2005,NA,NA,NA,NA
Libya,2006,NA,NA,NA,NA
Libya,2007,NA,NA,NA,NA
Libya,2008,NA,NA,NA,NA
Libya,2009,NA,NA,NA,NA
Libya,2010,6491991,2972.0273,77.56103,90.11553
Libya,2011,6188135,3086.0798,78.7016,96.23683
Libya,2012,5869880,3335.8245,88.412735,102.03447
Libya,2013,5985228,3288.1755,88.83565,90.41954
Libya,2014,6097767,3257.285,86.53402,78.124756
Libya,2015,6192241,3238.9324,86.14005,92.18261
Libya,2016,6282202,3236.595,86.96024,90.050095
Libya,2017,6378267,3215.042,82.986465,93.10828
Libya,2018,6477791,3227.2222,87.1453,101.84824
Libya,2019,6569085,3249.915,83.67242,102.41875
Libya,2020,6653946,3240.4995,85.64915,101.603806
Libya,2021,6569384.145,3295.50554,87.24984682,99.77189276
Libya,2022,NA,NA,NA,NA
Madagascar,2000,16216432,1947.6831,45.322956,26.234495
Madagascar,2001,16709664,1936.505,44.074192,25.097805
Madagascar,2002,17211938,1893.1622,43.7654,24.804607
Madagascar,2003,17724310,1923.537,44.82415,25.60824
Madagascar,2004,18250776,1927.0819,45.033375,25.24672
Madagascar,2005,18792174,2004.9517,46.746517,26.122768
Madagascar,2006,19350302,2026.5605,47.04967,27.96128
Madagascar,2007,19924960,2037.7263,47.355747,27.10487
Madagascar,2008,20513594,2002.065,46.12229,26.966192
Madagascar,2009,21117092,2004.2646,46.14176,25.138233
Madagascar,2010,21731052,2045.0161,46.1759,25.67707
Madagascar,2011,22348158,2062.6882,46.069942,23.79875
Madagascar,2012,22966242,2050.1887,45.499203,22.730143
Madagascar,2013,23588078,1963.379,43.774494,22.505367
Madagascar,2014,24215980,1915.1792,42.96976,21.35337
Madagascar,2015,24850912,1865.5107,41.99106,22.087725
Madagascar,2016,25501944,1870.3242,42.267765,23.037397
Madagascar,2017,26169540,1871.2008,42.260803,23.324055
Madagascar,2018,26846544,1845.9133,41.652885,23.24266
Madagascar,2019,27533134,1809.1771,37.897705,19.854912
Madagascar,2020,28225182,1770.8403,36.60391,21.9957
Madagascar,2021,28524400.1,1867.13541,40.46128884,21.40156365
Madagascar,2022,NA,NA,NA,NA
Malawi,2000,11498822,2259.1362,57.413395,32.214172
Malawi,2001,11784500,2199.2764,56.707523,32.407192
Malawi,2002,12087968,2195.088,57.11481,32.369446
Malawi,2003,12411343,2193.514,56.853127,30.95832
Malawi,2004,12755647,2220.0894,57.260265,31.533173
Malawi,2005,13118309,2301.8098,59.89372,33.061253
Malawi,2006,13495463,2330.1313,61.865852,35.129803
Malawi,2007,13889420,2359.4854,62.50906,38.27293
Malawi,2008,14298937,2355.2942,61.608627,40.206127
Malawi,2009,14718426,2543.7842,67.323845,37.005886
Malawi,2010,15146095,2553.5803,67.3019,38.91123
Malawi,2011,15581250,2586.8738,69.37525,39.573833
Malawi,2012,16024775,2581.7192,68.8129,41.03866
Malawi,2013,16477972,2534.7512,65.21745,43.4783
Malawi,2014,16938944,2591.9792,67.91341,44.890076
Malawi,2015,17405624,2574.9739,68.392494,47.931087
Malawi,2016,17881172,2582.141,68.91639,50.091362
Malawi,2017,18367886,2585.9468,70.377655,51.03738
Malawi,2018,18867340,2595.7546,70.67483,53.12954
Malawi,2019,19377058,2626.078,70.173546,51.020943
Malawi,2020,19501866.38,2710.073139,73.03695156,52.82464228
Malawi,2021,19920487.23,2735.930548,73.87044195,54.02574767
Malawi,2022,NA,NA,NA,NA
Mali,2000,11239103,2237.6973,62.200863,47.282883
Mali,2001,11583825,2281.5112,62.354008,51.19266
Mali,2002,11952660,2274.4504,62.67031,51.944515
Mali,2003,12342167,2291.787,64.65367,52.253838
Mali,2004,12751997,2305.162,64.889404,52.755543
Mali,2005,13180556,2340.0835,66.54244,52.500134
Mali,2006,13623541,2401.2263,66.825386,54.2764
Mali,2007,14080916,2460.0793,69.22023,54.542908
Mali,2008,14551122,2507.3135,70.163246,56.21366
Mali,2009,15032645,2553.478,72.39214,57.365314
Mali,2010,15529183,2760.905,81.5189,58.309464
Mali,2011,16039734,2768.3706,82.37402,59.42034
Mali,2012,16514689,2785.6135,80.45286,57.744152
Mali,2013,17004038,2775.5203,79.705505,56.787395
Mali,2014,17551824,2744.856,78.36106,56.903904
Mali,2015,18112910,2734.3347,76.38807,57.25736
Mali,2016,18700108,2747.5723,76.92242,55.114765
Mali,2017,19311356,2764.6223,77.08159,53.039722
Mali,2018,19934304,2757.243,77.02288,51.48895
Mali,2019,20567430,2789.9348,74.09241,47.57895
Mali,2020,21224042,2782.289,73.12573,49.052635
Mali,2021,21226670.96,2930.36385,81.5640948,54.62976267
Mali,2022,NA,NA,NA,NA
Mauritania,2000,2695018,2644.6785,73.99473,67.02129
Mauritania,2001,2761830,2652.7249,78.01537,66.96993
Mauritania,2002,2821709,2689.6912,81.24132,70.49479
Mauritania,2003,2883328,2789.7595,84.75232,70.77267
Mauritania,2004,2946583,2694.628,80.102715,72.44081
Mauritania,2005,3012363,2745.63,82.535995,74.254196
Mauritania,2006,3081228,2735.44,79.96143,74.990776
Mauritania,2007,3153519,2878.5557,83.938515,74.65659
Mauritania,2008,3233342,2934.5972,83.77152,76.89025
Mauritania,2009,3322625,2922.7468,83.439026,74.61365
Mauritania,2010,3419462,2849.7952,81.19208,73.027916
Mauritania,2011,3524250,2897.1733,82.47294,72.69996
Mauritania,2012,3636122,2931.0417,80.16271,84.43439
Mauritania,2013,3742965,2935.946,82.25544,76.68744
Mauritania,2014,3843181,2947.8555,84.23174,72.79627
Mauritania,2015,3946225,2950.7664,84.54489,70.27294
Mauritania,2016,4051896,2928.851,84.505066,69.10033
Mauritania,2017,4160018,2938.3723,83.198975,71.5958
Mauritania,2018,4270717,2980.547,85.2719,70.17843
Mauritania,2019,4383853,2981.4463,86.5115,67.516136
Mauritania,2020,4498605,3012.8806,85.859344,66.13867
Mauritania,2021,4498813.676,3051.0225,86.1426835,71.83387743
Mauritania,2022,NA,NA,NA,NA
Mauritius,2000,1215930,2830.1301,76.561646,82.19461
Mauritius,2001,1225272,2876.1956,77.7566,80.9502
Mauritius,2002,1233974,2869.3044,79.63704,85.748764
Mauritius,2003,1242343,2866.7058,80.52555,81.746666
Mauritius,2004,1250388,2922.9382,82.51523,81.86741
Mauritius,2005,1258050,2901.2495,80.96309,83.90386
Mauritius,2006,1264777,2907.8438,79.99938,85.43596
Mauritius,2007,1270591,2953.5232,83.25748,84.46731
Mauritius,2008,1275691,2877.047,81.04817,84.75832
Mauritius,2009,1279868,2994.9558,86.0139,82.98443
Mauritius,2010,1283347,3053.5156,83.67994,87.20996
Mauritius,2011,1286239,3008.2612,83.614685,88.22482
Mauritius,2012,1288753,2971.2195,82.68079,89.486595
Mauritius,2013,1290698,2960.7817,84.32151,89.718
Mauritius,2014,1292112,2957.3906,84.15917,90.68683
Mauritius,2015,1293159,2963.5923,84.74082,89.46271
Mauritius,2016,1293909,2933.8198,83.752365,88.668076
Mauritius,2017,1294743,2965.8643,84.82684,93.74982
Mauritius,2018,1295386,2969.4717,85.944496,92.086876
Mauritius,2019,1296284,2986.4011,86.37938,94.17595
Mauritius,2020,1297830,2993.6567,85.36086,94.6603
Mauritius,2021,1315040.633,3011.43914,86.93768161,94.36797024
Mauritius,2022,NA,NA,NA,NA
Morocco,2000,28554420,3079.689,82.00438,60.819584
Morocco,2001,28930100,3126.7937,85.12663,60.649967
Morocco,2002,29301820,3154.988,87.14729,59.35859
Morocco,2003,29661272,3194.9797,87.97914,61.33603
Morocco,2004,30033124,3243.756,89.528854,59.11927
Morocco,2005,30431898,3173.6682,87.83518,60.434326
Morocco,2006,30833024,3224.531,91.215485,61.385372
Morocco,2007,31232634,3192.1233,87.87912,63.587177
Morocco,2008,31634996,3200.6897,88.46664,62.47754
Morocco,2009,32042880,3214.2917,89.60583,64.51033
Morocco,2010,32464866,3276.6538,93.91613,67.904144
Morocco,2011,32903708,3324.6567,96.11317,65.217865
Morocco,2012,33352166,3341.9246,96.57993,67.31691
Morocco,2013,33803530,3346.3127,97.1079,66.50735
Morocco,2014,34248610,3390.387,98.786446,68.99577
Morocco,2015,34680456,3382.3943,99.65269,66.40848
Morocco,2016,35107270,3422.825,99.92328,69.11685
Morocco,2017,35528116,3371.0103,99.92852,68.30151
Morocco,2018,35927516,3417.6265,101.55605,71.76213
Morocco,2019,36304410,3391.5632,100.10938,75.566765
Morocco,2020,36688770,3374.2756,99.809746,76.308525
Morocco,2021,37114698.84,3454.039789,103.5458809,73.81219321
Morocco,2022,NA,NA,NA,NA
Mozambique,2000,17768510,2046.8368,37.50134,39.8156
Mozambique,2001,18220724,2045.5513,36.539482,38.14788
Mozambique,2002,18694948,2109.2393,40.11792,39.632202
Mozambique,2003,19186758,2166.8235,41.689598,37.391167
Mozambique,2004,19694412,2136.8447,41.917027,37.38181
Mozambique,2005,20211124,2118.5552,41.705803,40.45837
Mozambique,2006,20735990,2197.636,45.2332,38.50808
Mozambique,2007,21280520,2170.1628,45.288998,38.20445
Mozambique,2008,21845572,2254.8794,45.639427,40.898346
Mozambique,2009,22436660,2254.193,45.448284,38.087017
Mozambique,2010,23073732,2377.2961,49.10631,41.53894
Mozambique,2011,23760424,2403.3875,50.806046,43.07978
Mozambique,2012,24487614,2373.8406,52.746376,44.41052
Mozambique,2013,25251738,2240.103,48.233578,42.969894
Mozambique,2014,26038704,1993.7571,43.802086,39.3502
Mozambique,2015,26843252,1905.001,41.877785,39.480164
Mozambique,2016,27696500,1821.7389,40.10237,37.128105
Mozambique,2017,28569448,1936.377,42.62837,42.387703
Mozambique,2018,29423882,2165.2942,49.480984,43.646717
Mozambique,2019,30285602,2095.551,43.83612,40.276688
Mozambique,2020,31178242,2053.0708,44.30944,38.835922
Mozambique,2021,31010165.29,2081.778063,47.44640071,41.50221253
Mozambique,2022,NA,NA,NA,NA
Namibia,2000,1819148,2343.3542,70.592766,54.22267
Namibia,2001,1856406,2364.3335,70.11867,54.04785
Namibia,2002,1888531,2296.478,65.19302,48.853294
Namibia,2003,1915432,2323.918,67.0906,52.332108
Namibia,2004,1939405,2342.3699,65.70616,57.846622
Namibia,2005,1962874,2316.2776,65.863655,53.64718
Namibia,2006,1986568,2304.5725,65.15843,55.030712
Namibia,2007,2011492,2294.644,66.41846,55.752193
Namibia,2008,2038556,2195.3384,66.388275,54.89381
Namibia,2009,2067928,2136.8567,62.603065,51.348812
Namibia,2010,2099275,2235.8123,61.37128,49.349373
Namibia,2011,2132343,2277.029,62.909122,50.638863
Namibia,2012,2167474,2367.6917,63.840584,52.478092
Namibia,2013,2204517,2405.7498,62.808914,51.600998
Namibia,2014,2243008,2400.6768,63.0925,54.58018
Namibia,2015,2282709,2461.332,64.4084,56.193825
Namibia,2016,2323351,2486.5378,65.431465,57.444096
Namibia,2017,2364540,2505.094,66.616196,58.801113
Namibia,2018,2405682,2522.6077,67.13047,56.67981
Namibia,2019,2446648,2580.5327,65.130165,57.881016
Namibia,2020,2489099,2603.0786,68.51711,59.094986
Namibia,2021,2484845.843,2518.487857,64.30976994,57.0099495
Namibia,2022,NA,NA,NA,NA
Niger,2000,11622673,2201.2769,64.175545,42.200596
Niger,2001,12031431,2217.3618,66.68188,44.07255
Niger,2002,12456520,2190.4556,64.16735,46.60766
Niger,2003,12900793,2280.6238,68.447205,49.55441
Niger,2004,13366889,2332.2688,70.63361,50.058685
Niger,2005,13855225,2325.5989,71.34755,51.031864
Niger,2006,14365171,2325.5247,71.84177,49.748325
Niger,2007,14897877,2345.2212,73.57762,50.37318
Niger,2008,15455181,2403.062,76.24954,54.650593
Niger,2009,16037917,2407.3867,74.88376,53.20487
Niger,2010,16647545,2546.6096,83.07387,51.753044
Niger,2011,17283118,2462.808,79.78627,52.40523
Niger,2012,17954410,2505.555,79.388824,47.137733
Niger,2013,18653204,2507.779,79.74697,48.479095
Niger,2014,19372012,2500.8408,79.08736,52.132305
Niger,2015,20128132,2564.8262,81.15822,48.832066
Niger,2016,20921748,2592.446,83.00994,50.68634
Niger,2017,21737924,2569.83,81.55683,50.02523
Niger,2018,22577060,2645.1992,83.96843,52.426838
Niger,2019,23443400,2598.2117,83.84279,53.565117
Niger,2020,24333644,2615.2786,83.28304,54.185707
Niger,2021,24100170.59,2684.24502,87.29585552,53.51952498
Niger,2022,NA,NA,NA,NA
Nigeria,2000,122851980,2610.5315,58.89199,59.58213
Nigeria,2001,126152680,2609.9412,58.211773,62.306976
Nigeria,2002,129583030,2597.8025,58.77715,63.045326
Nigeria,2003,133119810,2596.8367,59.00634,63.53687
Nigeria,2004,136756850,2640.287,60.204514,64.49063
Nigeria,2005,140490720,2687.5806,61.75971,66.290344
Nigeria,2006,144329760,2705.841,62.854946,67.06514
Nigeria,2007,148294030,2699.6948,63.949024,65.40805
Nigeria,2008,152382510,2702.012,63.15941,64.61808
Nigeria,2009,156595740,2662.1875,63.52338,57.16311
Nigeria,2010,160952860,2597.847,61.164623,55.797577
Nigeria,2011,165463740,2589.7078,60.423237,55.77908
Nigeria,2012,170075940,2577.1265,59.880585,56.134357
Nigeria,2013,174726130,2555.952,59.180122,54.726864
Nigeria,2014,179379020,2589.346,60.086987,58.936386
Nigeria,2015,183995780,2583.2305,58.67398,57.65999
Nigeria,2016,188666930,2573.5383,59.267277,56.86228
Nigeria,2017,193495900,2570.6748,60.094208,59.45302
Nigeria,2018,198387620,2546.3364,59.407932,57.966427
Nigeria,2019,203304500,2567.0974,58.56778,57.440907
Nigeria,2020,208327410,2559.8318,58.29134,55.896755
Nigeria,2021,208327410,2558.79318,59.59559307,55.41194139
Nigeria,2022,NA,NA,NA,NA
Rwanda,2000,8109994,1922.4888,44.682076,17.609873
Rwanda,2001,8223950,2036.6272,48.47641,18.59807
Rwanda,2002,8372310,2247.9902,51.433247,20.08591
Rwanda,2003,8567993,2134.5144,50.3379,20.90844
Rwanda,2004,8791855,2072.5007,49.54424,22.598572
Rwanda,2005,9026297,2127.8796,50.63246,22.49055
Rwanda,2006,9270073,2130.1973,52.11896,25.105896
Rwanda,2007,9523177,2140.2715,54.992363,25.197449
Rwanda,2008,9781999,2195.7192,55.69247,25.85535
Rwanda,2009,10043736,2302.3186,58.33379,31.88229
Rwanda,2010,10309032,2127.7666,59.60668,29.61345
Rwanda,2011,10576932,2128.2913,58.16551,29.194666
Rwanda,2012,10840331,2138.159,57.779922,26.35473
Rwanda,2013,11101352,2137.7883,58.182903,24.59187
Rwanda,2014,11368450,2130.329,58.225746,22.551264
Rwanda,2015,11642963,2145.3037,58.52959,24.421507
Rwanda,2016,11930902,2151.7065,59.39688,26.964794
Rwanda,2017,12230343,2178.6587,59.354736,26.71404
Rwanda,2018,12531810,2178.3076,58.143833,26.318354
Rwanda,2019,12835029,2184.0098,57.099068,27.949423
Rwanda,2020,13146367,2190.1704,55.537518,25.340162
Rwanda,2021,13226967.32,2200.348879,61.33983952,28.69400962
Rwanda,2022,NA,NA,NA,NA
Sao Tome and Principe,2000,143729,2300.7256,49.399357,63.4126
Sao Tome and Principe,2001,146271,2333.8052,48.996315,66.59693
Sao Tome and Principe,2002,149852,2363.9324,50.142273,67.477776
Sao Tome and Principe,2003,153774,2395.6064,54.852318,68.4937
Sao Tome and Principe,2004,157714,2406.0198,55.100056,66.74239
Sao Tome and Principe,2005,161697,2440.5525,55.214382,69.11384
Sao Tome and Principe,2006,165739,2450.1536,55.622513,71.01991
Sao Tome and Principe,2007,169859,2409.6045,55.78268,70.925476
Sao Tome and Principe,2008,174019,2380.7056,55.4436,72.058334
Sao Tome and Principe,2009,178145,2364.6748,56.38317,74.27119
Sao Tome and Principe,2010,182154,2352.8442,55.248856,71.81066
Sao Tome and Principe,2011,186058,2322.7166,54.43867,70.87467
Sao Tome and Principe,2012,189936,2342.8733,53.62775,69.50426
Sao Tome and Principe,2013,193765,2372.193,53.74593,72.92958
Sao Tome and Principe,2014,197511,2362.785,52.94186,69.64311
Sao Tome and Principe,2015,201142,2343.772,52.198147,71.371765
Sao Tome and Principe,2016,204640,2393.662,53.398605,70.52028
Sao Tome and Principe,2017,208050,2394.8523,52.46388,71.915215
Sao Tome and Principe,2018,211358,2395.9348,53.838654,71.68836
Sao Tome and Principe,2019,214612,2402.0037,56.297276,62.42003
Sao Tome and Principe,2020,218650,2423.64,55.27864,65.60266
Sao Tome and Principe,2021,223559.6619,2392.3783,55.1100613,70.41729009
Sao Tome and Principe,2022,NA,NA,NA,NA
Senegal,2000,9704291,2199.1682,62.336864,63.29214
Senegal,2001,9938028,2213.5886,55.39063,66.94731
Senegal,2002,10180944,2188.025,53.108593,66.08979
Senegal,2003,10434505,2274.0227,56.55903,64.91655
Senegal,2004,10698699,2304.5852,58.250237,65.21115
Senegal,2005,10974066,2297.5283,58.583378,65.36195
Senegal,2006,11263389,2375.5488,59.758934,64.52032
Senegal,2007,11563878,2411.0864,59.95802,63.417133
Senegal,2008,11872933,2514.1995,62.375645,74.28175
Senegal,2009,12195028,2524.6191,63.084515,75.862434
Senegal,2010,12530128,2489.0312,63.520885,75.45003
Senegal,2011,12875878,2481.0994,60.220566,80.54716
Senegal,2012,13231840,2494.6738,61.81484,73.99954
Senegal,2013,13595571,2454.198,60.407127,75.20733
Senegal,2014,13970314,2478.7937,60.229713,69.83846
Senegal,2015,14356191,2514.2551,61.780003,66.562775
Senegal,2016,14751356,2576.698,63.202793,67.53287
Senegal,2017,15157793,2617.3394,64.96047,70.01611
Senegal,2018,15574910,2637.4287,64.698944,68.06826
Senegal,2019,16000783,2689.7864,64.83597,72.749504
Senegal,2020,16436120,2786.22,66.21729,77.57611
Senegal,2021,16438114.13,2729.577864,65.58957196,74.55396592
Senegal,2022,NA,NA,NA,NA
Seychelles,2000,NA,NA,NA,NA
Seychelles,2001,NA,NA,NA,NA
Seychelles,2002,NA,NA,NA,NA
Seychelles,2003,NA,NA,NA,NA
Seychelles,2004,NA,NA,NA,NA
Seychelles,2005,NA,NA,NA,NA
Seychelles,2006,NA,NA,NA,NA
Seychelles,2007,NA,NA,NA,NA
Seychelles,2008,NA,NA,NA,NA
Seychelles,2009,NA,NA,NA,NA
Seychelles,2010,92424,2887.8105,88.74134,62.492104
Seychelles,2011,93842,2808.7637,86.32169,71.3122
Seychelles,2012,95319,2830.422,87.16646,72.48261
Seychelles,2013,96730,2790.0962,83.654816,72.38675
Seychelles,2014,98016,2835.843,79.37867,84.58619
Seychelles,2015,99260,2838.7065,83.10347,88.15686
Seychelles,2016,100521,2868.893,86.49655,95.168175
Seychelles,2017,101828,2928.232,89.3271,94.33318
Seychelles,2018,103120,2927.308,90.33078,90.2273
Seychelles,2019,104386,2939.1475,92.23811,90.19691
Seychelles,2020,105545,2952.0374,93.537094,87.49884
Seychelles,2021,106704,2964.9273,94.836078,84.80077
Seychelles,2022,NA,NA,NA,NA
Sierra Leone,2000,4584074,1797.2223,38.97895,41.29096
Sierra Leone,2001,4857106,1764.5322,39.60689,40.208336
Sierra Leone,2002,5140120,1787.5428,41.012962,43.39927
Sierra Leone,2003,5350917,1789.7523,41.26471,42.145496
Sierra Leone,2004,5533329,1802.5807,43.666267,45.98184
Sierra Leone,2005,5683338,1875.6301,45.530426,46.881744
Sierra Leone,2006,5809778,1958.8623,46.821808,49.67602
Sierra Leone,2007,5939169,2000.7351,45.72327,45.914772
Sierra Leone,2008,6090861,1995.4164,48.691067,47.001728
Sierra Leone,2009,6259845,2028.4673,48.92292,47.6433
Sierra Leone,2010,6436699,2291.607,51.10513,51.623455
Sierra Leone,2011,6612390,2308.6265,51.492493,52.20711
Sierra Leone,2012,6788594,2300.0989,51.668175,51.717617
Sierra Leone,2013,6964867,2286.4011,51.808666,51.897366
Sierra Leone,2014,7140700,2235.5896,50.5882,51.37434
Sierra Leone,2015,7314779,2320.7979,49.994717,51.24973
Sierra Leone,2016,7493918,2231.7803,47.814083,45.682056
Sierra Leone,2017,7677570,2265.6418,48.38506,45.693207
Sierra Leone,2018,7861287,2272.2424,48.636692,45.921677
Sierra Leone,2019,8046830,2236.1409,49.208694,53.480957
Sierra Leone,2020,8233973,2262.1216,49.049774,50.16388
Sierra Leone,2021,8372367.976,2425.658013,52.67019774,52.13081097
Sierra Leone,2022,NA,NA,NA,NA
South Africa,2000,46813270,2764.7192,73.14148,68.26539
South Africa,2001,47229710,2803.2632,73.31464,72.48589
South Africa,2002,47661516,2816.1572,72.555305,75.41409
South Africa,2003,48104044,2853.7996,73.75644,76.98147
South Africa,2004,48556064,2879.2659,76.31034,76.64332
South Africa,2005,49017156,2904.8955,77.67053,79.00883
South Africa,2006,49491764,2893.126,78.8073,79.49919
South Africa,2007,49996096,2897.0415,80.402824,78.75587
South Africa,2008,50565816,2906.7207,80.70027,82.83757
South Africa,2009,51170780,2919.89,79.93894,86.5624
South Africa,2010,51784930,2936.4387,79.468796,89.032745
South Africa,2011,52443320,2940.162,79.478584,88.07595
South Africa,2012,53145036,2964.4915,80.067116,91.23118
South Africa,2013,53873610,2952.7368,80.1813,90.71469
South Africa,2014,54729556,2923.056,81.931274,86.40605
South Africa,2015,55876504,2881.4812,80.90351,86.12725
South Africa,2016,56422270,2895.9602,81.09087,87.84512
South Africa,2017,56641210,2920.895,80.218925,89.17687
South Africa,2018,57339630,2925.9531,81.01554,88.37326
South Africa,2019,58087060,2898.3223,81.384895,92.00031
South Africa,2020,58801930,2881.622,79.751434,94.0839
South Africa,2021,59063819.95,2947.309058,83.05102229,95.32192514
South Africa,2022,NA,NA,NA,NA
South Sudan,2000,NA,NA,NA,NA
South Sudan,2001,NA,NA,NA,NA
South Sudan,2002,NA,NA,NA,NA
South Sudan,2003,NA,NA,NA,NA
South Sudan,2004,NA,NA,NA,NA
South Sudan,2005,NA,NA,NA,NA
South Sudan,2006,NA,NA,NA,NA
South Sudan,2007,NA,NA,NA,NA
South Sudan,2008,NA,NA,NA,NA
South Sudan,2009,NA,NA,NA,NA
South Sudan,2010,NA,NA,NA,NA
South Sudan,2011,NA,NA,NA,NA
South Sudan,2012,NA,NA,NA,NA
South Sudan,2013,NA,NA,NA,NA
South Sudan,2014,NA,NA,NA,NA
South Sudan,2015,NA,NA,NA,NA
South Sudan,2016,NA,NA,NA,NA
South Sudan,2017,NA,NA,NA,NA
South Sudan,2018,NA,NA,NA,NA
South Sudan,2019,10447677,2212.914,67.91211,84.94837
South Sudan,2020,10606224,2253.2632,67.650665,81.79293
South Sudan,2021,10764771,2293.6124,67.38922,78.63749
South Sudan,2022,NA,NA,NA,NA
Sudan,2000,34188000,2326.789,75.25675,75.467705
Sudan,2001,35002000,2360.9934,77.149574,74.9975
Sudan,2002,35816000,2386.9365,78.424934,78.874504
Sudan,2003,36643000,2376.8083,78.57424,72.929054
Sudan,2004,37504000,2356.1462,76.3076,73.42336
Sudan,2005,38410000,2370.475,76.41065,70.74257
Sudan,2006,39369000,2392.1582,77.18328,69.26073
Sudan,2007,40374000,2389.2717,76.60144,71.056366
Sudan,2008,41415000,2374.1455,76.541885,70.768585
Sudan,2009,42478000,2362.7207,74.446846,71.495964
Sudan,2010,43165733.33,2385.8946,75.86537793,68.9641496
Sudan,2011,44083157.58,2388.849173,75.71549758,68.24824338
Sudan,2012,35159790,2594.1245,75.03402,64.46194
Sudan,2013,35990708,2652.4338,77.286255,65.23443
Sudan,2014,37003250,2663.3584,76.56514,69.22678
Sudan,2015,38171172,2638.637,75.46971,66.40927
Sudan,2016,39377170,2609.7715,74.68056,68.8923
Sudan,2017,40679820,2557.345,74.41282,62.453796
Sudan,2018,41999064,2586.8052,74.81729,67.86009
Sudan,2019,43232092,2576.7905,74.57046,69.57929
Sudan,2020,44440484,2570.344,73.57794,71.00266
Sudan,2021,44440484,2650.181329,74.30977448,65.24750981
Sudan,2022,NA,NA,NA,NA
Tanzania,2000,34463704,1979.2448,52.1415,31.727144
Tanzania,2001,35414464,2001.209,52.725105,32.732727
Tanzania,2002,36353530,2077.2358,54.40802,34.847137
Tanzania,2003,37333916,1952.5695,51.33003,37.800877
Tanzania,2004,38360884,2065.4104,53.210407,37.429413
Tanzania,2005,39439508,2100.696,53.570698,43.234566
Tanzania,2006,40562056,2108.2715,54.444805,39.841503
Tanzania,2007,41716500,2183.328,55.958252,44.54383
Tanzania,2008,42870890,2106.2947,52.81544,40.851448
Tanzania,2009,43957940,2117.5725,54.7114,40.862297
Tanzania,2010,45110532,2186.357,56.123707,43.51086
Tanzania,2011,46416030,2230.7585,57.318783,50.22405
Tanzania,2012,47786136,2255.8513,57.8585,51.812702
Tanzania,2013,49253650,2294.528,59.041523,52.54479
Tanzania,2014,50814550,2304.627,59.78855,52.188396
Tanzania,2015,52542824,2303.5789,59.230682,53.008766
Tanzania,2016,54401804,2313.0156,59.38561,54.27591
Tanzania,2017,56267040,2307.1677,59.09264,55.236027
Tanzania,2018,58090444,2288.7585,58.978424,49.63339
Tanzania,2019,59872584,2300.9358,57.605743,54.48616
Tanzania,2020,61704520,2317.5566,58.13253,53.921432
Tanzania,2021,61129650.69,2384.804078,60.42354488,58.5008947
Tanzania,2022,NA,NA,NA,NA
Togo,2000,5008043,2108.9905,49.854164,41.373516
Togo,2001,5145430,2090.7407,48.64489,47.19932
Togo,2002,5281548,2092.657,47.489826,46.58757
Togo,2003,5421000,2133.2856,48.437904,48.117764
Togo,2004,5565213,2178.5164,48.77898,47.93512
Togo,2005,5711605,2170.7593,50.93234,46.645138
Togo,2006,5874244,2209.8398,50.88536,45.464817
Togo,2007,6047539,2214.3428,51.079437,43.88162
Togo,2008,6222491,2228.3506,51.51377,45.663868
Togo,2009,6398626,2246.8823,52.504074,46.166714
Togo,2010,6571862,2386.3137,52.817467,57.234394
Togo,2011,6748675,2389.6868,55.4075,53.003155
Togo,2012,6926634,2363.7395,54.228115,53.817368
Togo,2013,7106238,2391.007,55.54222,50.795444
Togo,2014,7288381,2402.3872,54.922905,51.034817
Togo,2015,7473232,2325.2964,54.3941,49.377026
Togo,2016,7661361,2380.0315,56.17776,50.619778
Togo,2017,7852799,2355.6306,55.533283,51.141594
Togo,2018,8046680,2349.0488,55.853638,51.72613
Togo,2019,8243093,2424.7817,57.25152,64.203285
Togo,2020,8442583,2463.2441,55.854454,63.679573
Togo,2021,8525737.271,2479.101467,57.81845525,57.90281737
Togo,2022,NA,NA,NA,NA
Tunisia,2000,9893326,3139.167,86.971634,92.93904
Tunisia,2001,9995115,3145.1929,87.4802,92.144394
Tunisia,2002,10094564,3082.0796,85.295654,85.79791
Tunisia,2003,10193798,3129.7737,86.90918,83.8277
Tunisia,2004,10292230,3139.053,86.80719,86.69121
Tunisia,2005,10388349,3115.4343,88.209366,80.27565
Tunisia,2006,10483560,3171.9836,86.87339,88.549995
Tunisia,2007,10580399,3157.825,89.90867,82.73268
Tunisia,2008,10680381,3212.5334,89.32244,92.10495
Tunisia,2009,10784499,3250.423,93.34123,84.54999
Tunisia,2010,10895063,3265.1555,93.68898,90.623924
Tunisia,2011,11032529,3279.3076,95.38033,85.01079
Tunisia,2012,11174384,3293.5928,95.35209,93.32332
Tunisia,2013,11300284,3292.6023,95.4244,91.41163
Tunisia,2014,11428953,3325.012,97.12713,90.72878
Tunisia,2015,11557779,3341.102,97.050606,93.62631
Tunisia,2016,11685666,3338.2869,97.643196,91.249084
Tunisia,2017,11811441,3346.237,96.89278,94.01793
Tunisia,2018,11933040,3384.2993,96.644424,98.44706
Tunisia,2019,12049319,3433.8801,97.804436,100.72586
Tunisia,2020,12161720,3448.8774,97.548134,97.71334
Tunisia,2021,12237753.96,3439.983928,100.1784686,96.44127954
Tunisia,2022,NA,NA,NA,NA
Uganda,2000,24020710,2291.0935,49.268112,33.482105
Uganda,2001,24763328,2309.893,51.27355,33.05781
Uganda,2002,25545098,2366.2932,52.484993,36.32717
Uganda,2003,26354740,2425.6782,55.07165,41.049156
Uganda,2004,27146082,2404.775,53.792904,44.116524
Uganda,2005,27946586,2391.8154,55.288246,45.040546
Uganda,2006,28773230,2350.1787,52.424683,46.146523
Uganda,2007,29629804,2294.06,52.321575,44.761135
Uganda,2008,30509868,2267.5576,56.183765,47.68433
Uganda,2009,31412526,2295.378,57.227516,48.80555
Uganda,2010,32341724,2360.2795,57.96422,50.53445
Uganda,2011,33295738,2315.5376,56.847805,50.604
Uganda,2012,34273296,2324.2146,56.3559,49.67063
Uganda,2013,35273570,2301.1687,56.25416,48.43181
Uganda,2014,36336544,2250.0786,55.302155,48.130352
Uganda,2015,37477356,2169.432,52.1908,47.641827
Uganda,2016,38748308,2066.9543,50.10829,48.123196
Uganda,2017,40127096,2082.608,48.39242,47.56143
Uganda,2018,41515400,2186.0898,48.445976,47.509373
Uganda,2019,42949076,2069.738,42.89965,43.208874
Uganda,2020,44404610,2277.5425,51.80353,45.12851
Uganda,2021,43928910.97,2140.144121,50.8991327,50.8764238
Uganda,2022,NA,NA,NA,NA
Zambia,2000,9891140,1912.7394,47.792953,33.107853
Zambia,2001,10191966,1880.8638,47.51977,31.242672
Zambia,2002,10508294,1869.5352,46.874878,34.003498
Zambia,2003,10837971,1909.9977,48.483784,34.42017
Zambia,2004,11188044,1863.8245,46.246017,36.767086
Zambia,2005,11564874,1857.6346,50.631203,36.884907
Zambia,2006,11971571,1808.8951,46.06876,33.44192
Zambia,2007,12402078,1739.0562,44.34056,32.916103
Zambia,2008,12852968,1745.5156,46.36617,34.512943
Zambia,2009,13318094,1808.4683,48.071743,38.38421
Zambia,2010,13792095,1899.0262,51.61405,44.787426
Zambia,2011,14265824,1934.502,54.024506,49.71906
Zambia,2012,14744662,1966.9712,55.26159,51.877026
Zambia,2013,15234976,1996.8018,57.3958,47.539165
Zambia,2014,15737796,2055.904,57.919544,48.90723
Zambia,2015,16248231,2081.5972,58.704945,51.678337
Zambia,2016,16767758,2128.3528,58.5419,48.188015
Zambia,2017,17298056,2174.7026,57.115173,49.427715
Zambia,2018,17835898,2197.7122,57.194996,50.783787
Zambia,2019,18380478,2168.9216,50.50128,46.070152
Zambia,2020,18927716,2275.6904,53.20628,46.747322
Zambia,2021,19042312.51,2190.380313,58.01890953,53.44921847
Zambia,2022,NA,NA,NA,NA
Zimbabwe,2000,11834679,2090.924,48.79175,54.940907
Zimbabwe,2001,11910981,2143.101,51.3055,56.705524
Zimbabwe,2002,11984643,2131.683,49.215405,56.830822
Zimbabwe,2003,12075835,2109.397,50.226738,57.226574
Zimbabwe,2004,12160885,2133.4377,51.665936,56.081024
Zimbabwe,2005,12224758,2105.5447,51.552055,56.501385
Zimbabwe,2006,12330490,2182.4973,53.0094,56.435352
Zimbabwe,2007,12450566,2158.027,53.045105,56.62647
Zimbabwe,2008,12550353,2132.9834,51.654057,59.11033
Zimbabwe,2009,12679812,2182.4207,53.56943,60.054688
Zimbabwe,2010,12839774,2208.295,64.02374,74.79326
Zimbabwe,2011,13025789,2207.4927,62.473034,76.84648
Zimbabwe,2012,13265331,2236.3914,63.137024,74.081696
Zimbabwe,2013,13555420,2205.131,62.06671,70.85178
Zimbabwe,2014,13855758,2115.116,57.589592,67.68959
Zimbabwe,2015,14154937,2075.8635,57.220444,70.337326
Zimbabwe,2016,14452705,2054.1606,57.227207,66.53694
Zimbabwe,2017,14751101,1977.5319,56.179665,62.848648
Zimbabwe,2018,15052191,1985.6455,54.926598,64.2505
Zimbabwe,2019,15354606,1734.0376,49.97996,56.00808
Zimbabwe,2020,15669663,1853.3995,53.078934,60.942127
Zimbabwe,2021,15349581.19,1972.500522,58.52944264,68.63506804
Zimbabwe,2022,NA,NA,NA,NA
Lesotho,2000,1998632,2286.2998,63.93653,32.335075
Lesotho,2001,1999478,2326.5671,65.153244,32.955803
Lesotho,2002,1997537,2374.254,66.52818,32.999866
Lesotho,2003,1993034,2399.1975,67.145134,31.509712
Lesotho,2004,1985386,2447.077,68.423775,32.242474
Lesotho,2005,1977428,2500.2388,69.93266,33.281322
Lesotho,2006,1976787,2546.7083,72.45606,34.623455
Lesotho,2007,1983471,2524.5442,71.791725,33.24312
Lesotho,2008,1995016,2528.489,71.28797,31.828518
Lesotho,2009,2009178,2544.4783,72.48148,32.506725
Lesotho,2010,2022752,2545.8782,75.89283,33.81676
Lesotho,2011,2037687,2545.2153,76.02208,35.591705
Lesotho,2012,2054722,2493.8386,75.18781,35.039265
Lesotho,2013,2073948,2321.5708,67.69047,33.18486
Lesotho,2014,2095251,2209.491,62.559994,50.693485
Lesotho,2015,2118532,2071.1177,60.248047,48.925415
Lesotho,2016,2143876,2078.0237,61.014725,45.073853
Lesotho,2017,2170622,2102.0022,61.749325,44.169994
Lesotho,2018,2198030,2171.2678,61.58959,50.253727
Lesotho,2019,2225710,2022.4207,55.5736,39.20708
Lesotho,2020,2254104,1921.6636,53.639313,42.48188
Lesotho,2021,2205116.276,2096.099008,60.96840491,46.18690388
Lesotho,2022,NA,NA,NA,NA
